{
    "version": "1.0.0",
    "participants": [
        {
            "id": "1",
            "display": "Participant Name",
            "avatar": "AV1"
        }
    ],
    "conversations": [
        {
            "display": "C1",
            "id": "1",
            "platform": "skype",
            "type": "direct",
            "participants": [
                "1"
            ]
        }
    ],
    "events": [
        {
            "id": "1",
            "participant": "1",
            "timestamp": "2013-01-10T15:53:00",
            "type": "message",
            "conversation": "1"
        }
    ]
}